,Global Best Weight,Average Accuracy,Average Precision,Average Recall
0,0.1,0.8875,0.8604651162790697,0.925
1,0.2,0.8625,0.8372093023255814,0.9
2,0.30000000000000004,0.8,0.8333333333333334,0.75
3,0.4,0.9,0.8809523809523809,0.925
4,0.5,0.8125,0.7777777777777778,0.875
5,0.6,0.8125,0.8048780487804879,0.825
6,0.7000000000000001,0.85,0.8181818181818182,0.9
7,0.8,0.85,0.8181818181818182,0.9
8,0.9,0.875,0.8571428571428571,0.9
9,1.0,0.85,0.8043478260869565,0.925
