,Inertia Weight,Average Accuracy,Average Precision,Average Recall
0,0.1,0.85,0.85,0.85
1,0.2,0.825,0.8095238095238095,0.85
2,0.30000000000000004,0.8,0.8529411764705882,0.725
3,0.4,0.85,0.85,0.85
4,0.5,0.8125,0.8048780487804879,0.825
5,0.6,0.8375,0.813953488372093,0.875
6,0.7000000000000001,0.825,0.8095238095238095,0.85
7,0.8,0.7875,0.7948717948717948,0.775
8,0.9,0.875,0.8260869565217391,0.95
9,1.0,0.8,0.8,0.8
