,Local Best Weight,Average Accuracy,Average Precision,Average Recall
0,0.1,0.85,0.8181818181818182,0.9
1,0.2,0.8875,0.8444444444444444,0.95
2,0.30000000000000004,0.85,0.8043478260869565,0.925
3,0.4,0.7625,0.7692307692307693,0.75
4,0.5,0.825,0.8095238095238095,0.85
5,0.6,0.85,0.8333333333333334,0.875
6,0.7000000000000001,0.8875,0.8604651162790697,0.925
7,0.8,0.8,0.7727272727272727,0.85
8,0.9,0.8625,0.8222222222222222,0.925
9,1.0,0.8375,0.8,0.9
