,Population Size,Average Accuracy,Average Precision,Average Recall
0,5,0.775,0.8055555555555556,0.725
1,10,0.8625,0.8372093023255814,0.9
2,20,0.875,0.8571428571428571,0.9
3,40,0.825,0.825,0.825
4,80,0.8875,0.8780487804878049,0.9
