,Population Size,Average Accuracy,Average Precision,Average Recall
0,5,0.775,0.7705956947996591,0.795
1,10,0.765,0.7623137977433643,0.7849999999999999
2,20,0.7675,0.7507582605940136,0.8099999999999999
3,40,0.7750000000000001,0.762814889788574,0.825
4,80,0.7975000000000001,0.7805756719163638,0.835
